<?xml version="1.0" encoding="UTF-8" standalone="yes"?>
<addon id="repository.vko" name="[COLOR limegreen][B]vKo[/B][/COLOR] Repository" version="1.0.0" provider-name="vKo">
    <extension point="xbmc.addon.repository" name="[COLOR limegreen][B]vKo[/B][/COLOR]Wizard Repository">
        <dir>
            <info compressed="false">http://vkopzon.ddns.net:8080/kodi/addons.xml</info>
            <checksum>http://vkopzon.ddns.net:8080/kodi/addons.xml.md5</checksum>
            <datadir zip="true">http://vkopzon.ddns.net:8080/kodi/</datadir>
        </dir>
    </extension>
    
    <extension point="xbmc.addon.metadata">
        <summary>[COLOR limegreen][B]vKo[/B][/COLOR]Wizard</summary>
        <description>The official home of [COLOR limegreen][B]vKo[/B][/COLOR]repository.</description>
        <disclaimer>None</disclaimer>
        <platform>all</platform>
        <assets>
            <icon>icon.png</icon>
            <fanart>fanart.jpg</fanart>
        </assets>
        <source>http://vkopzon.ddns.net:8080/kodi/</source>
    </extension>
</addon>
