<?xml version="1.0" encoding="UTF-8"?>
<addon id="plugin.video.epg.recorder" version="20.1.12" name="EPG Recorder"
  provider-name="vKo">
<requires>
  <import addon="xbmc.python" version="3.0.0" />
  <import addon="script.module.xbmcswift2" />
  <import addon="script.module.requests" />
  <import addon="script.module.chardet" />
  <import addon="script.module.kodi-six" />
  <import addon="script.module.inputstreamhelper" version="0.5.8"/>
  <import addon="script.embuary.info" version="2.0.0"/>
</requires>
<extension point="xbmc.service" library="service.py" />
<extension point="xbmc.python.pluginsource" library="main.py">
  <provides>video</provides>
</extension>
<extension point="kodi.context.item">
  <menu id="kodi.core.main">
    <item library="the_movie_db.py">
      <label>Detailed Information</label>
      <!-- <visible>String.IsEqual(ListItem.dbtype,movie) | String.IsEqual(ListItem.dbtype,tvshow) | String.IsEqual(ListItem.dbtype,season) | String.IsEqual(ListItem.dbtype,episode) | String.IsEqual(ListItem.dbtype,actor) | String.IsEqual(ListItem.dbtype,director)</visible> -->
      <visible>True</visible>
    </item>
  </menu>
</extension>
<extension point="xbmc.addon.metadata">
  <summary lang="en">Play/Record xmltv/m3u with ffmpeg using from IPTV Simple Client EPG.</summary>
  <description lang="en">
Set your recording path and ffmpeg location.
On Android ffmpeg will be copied to /data/data to be runnable.
Complex stream handling might need an extra script instead of ffmpeg.
ffmpeg simply copies the stream into a transport stream container.
  </description>
  <disclaimer lang="en">Let's the game begin ;)</disclaimer>
  <source>https://github.com/Dobi-Dev/plugin.video.epg.recorder</source>
  <forum>https://forum.kodi.tv/showthread.php?tid=329991</forum>
  <language>en fr de</language>
  <news>
    1. fixing add2history type: from p['ptitle'] to prog['ptitle']
    2. Introducing the Mark as watched/unwatched
    3. Bug fixes in (2)
    4. Timeshift fix
    5. Add refresh after mark as watched/unwatched
    6. Sort Recordings by record time
    7. Bumping EPGDB index to match Kodi 20.0
    20.1
    1. cleaning up db_folder
    20.1.4
    1. Adding Storage
    2. get rid from xbmcswift
    4. fixing legacy warnings (on setInfo)
    20.1.5
    1. fix init bug of Storage
    20.1.6
    1. fixing crashing of recorder due to message to big
    20.1.7
    1. get rid of multithreading
    20.1.9
    1. fix ordering issue to properly skip duplicated progs
    20.1.10
    1. more fixes + some play_url and make_list restracturing
    20.1.11
    1. tem release to debug android program duration issue
    20.1.12
    1. fixing negative dtl
    2. removing series from listing
    3. adding year to history and recording listings
    4. history play is not pushing to top
    5. play from position doesn't works for history

    TODO: remove usage of POS_SUFFIX files (all data is saved in storage or nfo)
  </news>
  <assets>
    <icon>icon.png</icon>
    <screenshot>resources/screenshots/screenshot-00.jpg</screenshot>
    <screenshot>resources/screenshots/screenshot-01.jpg</screenshot>
    <screenshot>resources/screenshots/screenshot-02.jpg</screenshot>
  </assets>
</extension>
</addon>

