<?xml version="1.0" encoding="UTF-8"?>
<addon id="plugin.video.epg.recorder" version="1.1.2" name="EPG Recorder"
  provider-name="vKo">
<requires>
  <import addon="xbmc.python" version="3.0.0" />
  <import addon="script.module.xbmcswift2" />
  <import addon="script.module.requests" />
  <import addon="script.module.chardet" />
  <import addon="script.module.kodi-six" />
  <import addon="script.module.inputstreamhelper" version="0.5.8"/>

</requires>
<extension point="xbmc.python.pluginsource" library="main.py">
  <provides>video</provides>
</extension>
<extension point="kodi.context.item">
<menu id="kodi.core.main">
  <item library="context.py">
    <label>IPTV Recorder Timer</label>
    <visible>Window.isActive(tvchannels)</visible>
  </item>
  <item library="contextEPG.py">
    <label>Record Programme</label>
    <visible>Window.isActive(tvguide)</visible>
  </item>
</menu>
</extension>
<extension point="xbmc.addon.metadata">
  <summary lang="en">Record from IPTV Simple Client or xmltv/m3u with ffmpeg.</summary>
  <description lang="en">
Set your recording path and ffmpeg location.
On Android ffmpeg will be copied to /data/data to be runnable.
Complex stream handling might need an extra script instead of ffmpeg.
ffmpeg simply copies the stream into a transport stream container.
</description>
<disclaimer lang="en">Make sure recording streams is legal in your country.</disclaimer>
<source>https://github.com/Dobi-Dev/plugin.video.epg.recorder</source>
<forum>https://forum.kodi.tv/showthread.php?tid=329991</forum>
<language>en fr de</language>
<news>
  1. reverting back to swift list_item handling, to get rid of ___handle___ errors
  Todo:
  1. prepered (but commnted out restore of playing offset after the recording)
</news>
<assets>
  <icon>icon.png</icon>
  <screenshot>resources/screenshots/screenshot-00.jpg</screenshot>
  <screenshot>resources/screenshots/screenshot-01.jpg</screenshot>
  <screenshot>resources/screenshots/screenshot-02.jpg</screenshot>
</assets>
</extension>
</addon>

